SA(0.6s) [g],Complete_damage
0.05000000000000001,6.8274871511953e-07
0.056172467201025755,1.2017257224883338e-06
0.06310692142900626,2.088939397348888e-06
0.07089742948257126,3.586167011793151e-06
0.07964967064493539,6.080342033865094e-06
0.08948237023750269,1.0181868539738126e-05
0.10052891014472326,1.6839865964457523e-05
0.11293913815718663,2.750880492485841e-05
0.1268814006769336,4.438514813420724e-05
0.14254482635890514,7.073723308481661e-05
0.16014189166643014,0.00011135641129378371
0.17991130314285533,0.00017316186583848925
0.2021212354977168,0.00026599478375133323
0.2270729694325259,0.0004036386064828479
0.2551049785537617,0.0006050996042846757
0.28659752081259104,0.0008961745125678489
0.3219777967548112,0.0013113178711545714
0.36172574455336326,0.0018957996263908594
0.4063805504338082,0.002708112555374953
0.45654796280755766,0.0038225490273733342
0.5129085093300529,0.005331818593950155
0.5762267283493882,0.007349524486864323
0.6473615399712076,0.010012262642831615
0.7272778974247632,0.013481057483847758
0.8170598767824696,0.017941811996916024
0.9179253825967483,0.023604434237321947
1.0312426689380967,0.03070031676081686
1.1585488999444697,0.03947789693382453
1.3015710016583038,0.050196119133208206
1.4622490880091454,0.06311575496004118
1.6427627787184707,0.07848870990314882
1.8455607661325835,0.09654564362859097
2.0733940320616497,0.11748243968497274
2.329353165215711,0.1414462576114548
2.6169102854537,0.1685220621891812
2.9399661435534976,0.19872062692859127
3.3029030354176987,0.23196903124117374
3.710644248503383,0.2681045992132549
4.168720846874621,0.3068730581305861
4.683346700825936,0.3479314338956795
5.261502778863538,0.3908558669444372
5.911031845476362,0.4351541553092798
6.64074484928479,0.48028244764633476
7.4605404447366075,0.5256651580937574
8.381539268677866,0.5707168947135464
9.416234793278331,0.6148650151636865
10.578662801651687,0.6575713673196777
11.884591785129816,0.698351845198883
13.351736844955687,0.7367925834507854
15.0,0.7725619050537114
