SA(1.0s) [g],Slight_damage,Moderate_damage,Extensive_damage,Complete_damage
0.05000000000000001,0.00013432254323119248,1.111996405995913e-05,1.4473112585873331e-06,2.7626636311647705e-07
0.056172467201025755,0.0002874676291213099,2.6668463493389898e-05,3.7755311441463864e-06,7.680379437724482e-07
0.06310692142900626,0.0005923358956758103,6.154826437403746e-05,9.475405960333129e-06,2.0538412947681642e-06
0.07089742948257126,0.0011753753395745531,0.00013671671199073208,2.2880884007391758e-05,5.283532605063198e-06
0.07964967064493539,0.002246550170382965,0.0002923395775055372,5.316920151867753e-05,1.3076861697743385e-05
0.08948237023750269,0.004137150064876461,0.000601858811001629,0.00011891137084811277,3.114280949695161e-05
0.10052891014472326,0.007342798390604186,0.0011932548857957906,0.00025599611441147637,7.137506755212194e-05
0.11293913815718663,0.012564466001913091,0.0022787951708192282,0.0005306024769290487,0.00015744751792845206
0.1268814006769336,0.02073555200908127,0.004193008351128731,0.0010590581965594908,0.0003343484815204853
0.14254482635890514,0.033019208322666006,0.007435744700588861,0.0020360328468567385,0.0006836276352098276
0.16014189166643014,0.05075918084219735,0.012713023994906786,0.0037711740121829486,0.0013461365463770575
0.17991130314285533,0.07537168064005828,0.020963627815732976,0.006731661904155971,0.0025533595965961066
0.2021212354977168,0.10817638149767395,0.03335555081721739,0.011584198798097458,0.004666654902179696
0.2270729694325259,0.1501807131452107,0.05123561576463559,0.01922522340145979,0.00822059301343548
0.2551049785537617,0.201849679626334,0.07601993397473265,0.030783994163089953,0.01396224223314533
0.28659752081259104,0.2629077700556465,0.10902361916682207,0.04758166629816428,0.022873534465614433
0.3219777967548112,0.3322239224236719,0.15124432967788742,0.0710328103211146,0.03616038507457785
0.36172574455336326,0.40782073669311414,0.20313225892859815,0.10248540871103312,0.05519222812243933
0.4063805504338082,0.48702533174043583,0.26439337282507336,0.14301074768351302,0.08138112202488051
0.45654796280755766,0.5667467671225975,0.333876799280389,0.1931727048625907,0.11600144004056906
0.5129085093300529,0.6438331540964917,0.4095871715359246,0.2528212740466283,0.15996801176049869
0.5762267283493882,0.7154405884932076,0.4888386501538377,0.32096146859184704,0.21360839382058977
0.6473615399712076,0.7793428695504132,0.5685347767216249,0.39574130666713636,0.27647773051074986
0.7272778974247632,0.8341267014064573,0.6455266531009292,0.47458074219427193,0.3472663899126487
0.8170598767824696,0.8792464022641221,0.7169812930627827,0.5544317384373466,0.42383774250046624
0.9179253825967483,0.9149455405476773,0.7806892665058647,0.6321270873922374,0.5034072719536581
1.0312426689380967,0.9420803586829936,0.8352568777082008,0.7047523219108925,0.5828410300602508
1.1585488999444697,0.9618944287075221,0.880157654479953,0.7699688840804798,0.6590210845563734
1.3015710016583038,0.9757938908338232,0.915651289632341,0.8262297040843328,0.7292078594440451
1.4622490880091454,0.9851608739058839,0.9426053853651166,0.8728561144129878,0.7913301004688903
1.6427627787184707,0.9912251480254228,0.9622696018593632,0.9099784786956033,0.8441523305405536
1.8455607661325835,0.9949968308140635,0.9760514051949518,0.9383718488866553,0.8873006716455254
2.0733940320616497,0.9972503882566911,0.9853306554508743,0.9592348061426972,0.9211608451588443
2.329353165215711,0.998543926053549,0.9913326703967783,0.9739617396686148,0.9466873822858926
2.6169102854537,0.9992572166588707,0.9950622381577471,0.9839485370364832,0.9651746278281773
2.9399661435534976,0.9996350764137294,0.9972886067459019,0.990454588774544,0.9780372650798437
3.3029030354176987,0.9998273729145257,0.9985653766732762,0.9945263851393608,0.9866346279271544
3.710644248503383,0.9999213860591123,0.9992687811225841,0.9969744997320019,0.9921551203565367
4.168720846874621,0.9999655412808504,0.9996410650850337,0.9983885162150462,0.9955605162353005
4.683346700825936,0.9999854641408502,0.9998303518066857,0.9991731267083599,0.9975785782451179
5.261502778863538,0.9999940998347527,0.9999228093655419,0.9995913714866499,0.9987274681149051
5.911031845476362,0.9999976958254071,0.9999661945036976,0.9998055537851074,0.9993558145512335
6.64074484928479,0.9999991343438407,0.9999857521084634,0.9999109228440551,0.9996859534035563
7.4605404447366075,0.9999996871688337,0.9999942217744894,0.9999607216519464,0.9998525901186713
8.381539268677866,0.9999998912650988,0.9999977454236377,0.9999833316716675,0.9999333919449639
9.416234793278331,0.9999999636515655,0.9999991537217287,0.9999931935333715,0.9999710317977749
10.578662801651687,0.9999999883150487,0.9999996944410372,0.9999973258411587,0.9999878760114749
11.884591785129816,0.9999999963878806,0.999999893886569,0.9999989892615038,0.9999951175271498
13.351736844955687,0.9999999989263485,0.9999999645592673,0.9999996325218036,0.9999981083034166
15.0,0.9999999996931649,0.9999999886169469,0.9999998714936132,0.9999992949295217
