SA(0.6s) [g],Slight_damage,Moderate_damage,Extensive_damage,Complete_damage
0.05000000000000001,0.00015497066838453111,1.2949832999809054e-06,3.96225653822416e-08,2.7617457507129244e-09
0.056172467201025755,0.0003508970437941324,3.6809527740010037e-06,1.2964033403492424e-07,9.964781146105527e-09
0.06310692142900626,0.000759815118624288,9.996066332511833e-06,4.050854690453379e-07,3.433001285157705e-08
0.07089742948257126,0.0015738175941365832,2.593803424860446e-05,1.2089545691567223e-06,1.1293825062175945e-07
0.07964967064493539,0.003119290571675569,6.432179446386314e-05,3.446538374300052e-06,3.54823007548152e-07
0.08948237023750269,0.005917908544125657,0.00015246690881902335,9.386961725261565e-06,1.0647149746767144e-06
0.10052891014472326,0.01075152913953041,0.0003455278503753748,2.442876643373754e-05,3.0518149804212747e-06
0.11293913815718663,0.018714010737376136,0.0007488353800990351,6.0755579112923215e-05,8.356886660704082e-06
0.1268814006769336,0.03122441829985456,0.001552406371496577,0.00014443135808552658,2.1865389237989416e-05
0.14254482635890514,0.04997185003280039,0.0030794745872388908,0.0003282618972427859,5.467249539859014e-05
0.16014189166643014,0.07676720804673696,0.00584730281056538,0.0007134574600595911,0.00013066551849686824
0.17991130314285533,0.1132951282224669,0.010632133352685163,0.0014832804613754995,0.0002985555502002695
0.2021212354977168,0.16078905115732028,0.018521478013351717,0.002950674470496443,0.0006523261882902677
0.2270729694325259,0.2196868357949434,0.030928353599448215,0.005618448825628797,0.001363318033649493
0.2551049785537617,0.28935073478590223,0.04953770461140199,0.010244369314593134,0.0027261856613246312
0.28659752081259104,0.36794024136887094,0.07616012187366591,0.017894945796395532,0.005217848054438899
0.3219777967548112,0.45250109524444004,0.11248560002845237,0.029963000680229765,0.009562664281108066
0.36172574455336326,0.5392816054058275,0.15975966070197578,0.048119314650694016,0.016788707076579805
0.4063805504338082,0.6242237241789578,0.21843860521984515,0.07417278261799376,0.028251138312679606
0.45654796280755766,0.703523511731368,0.28790737029585106,0.10983029020765478,0.04559318015579141
0.5129085093300529,0.7741339609735516,0.3663486787230965,0.15637647980192138,0.07061801079753452
0.5762267283493882,0.8341011783604642,0.45082754798964675,0.21432803504369513,0.10506011178878094
0.6473615399712076,0.8826754981872265,0.5376035019073448,0.28314475237728803,0.15027233042593158
0.7272778974247632,0.9202028039671999,0.6226191269907588,0.3610866132884716,0.2068792864335368
0.8170598767824696,0.9478553912255561,0.7020603921190625,0.44528341582073316,0.27447694768329123
0.9179253825967483,0.967289819402105,0.7728617470106189,0.5320332128322696,0.3514682195393586
1.0312426689380967,0.9803171440670482,0.8330462887750617,0.6172822312254733,0.4351053882792585
1.1585488999444697,0.9886460130006649,0.8818413938632494,0.697184360248426,0.5217626953374479
1.3015710016583038,0.9937248464323206,0.9195738769354727,0.7686134861288478,0.6073992341516554
1.4622490880091454,0.9966786994001349,0.9474031744477086,0.8295167118665792,0.6881155014094441
1.6427627787184707,0.9983172525574897,0.9669797495072585,0.8790449832064622,0.7606778042046671
1.8455607661325835,0.9991841719763441,0.9801144042483887,0.9174611368343986,0.8228947984553793
2.0733940320616497,0.9996216368861219,0.988519601954246,0.9458810224196443,0.8737757141117042
2.329353165215711,0.9998321861631655,0.9936496845721179,0.9659339779788725,0.9134627492202092
2.6169102854537,0.9999288379871717,0.9966360830222583,0.9794292593552899,0.9429877652102094
2.9399661435534976,0.999971154691271,0.9982942104567921,0.9880915515967018,0.9639375353731929
3.3029030354176987,0.9999888255962577,0.9991722914925356,0.9933946646367342,0.9781155652536611
3.710644248503383,0.9999958636180436,0.9996157955431788,0.9964911990893078,0.9872672250134232
4.168720846874621,0.999998537159643,0.9998294473790352,0.9982157170552365,0.9929014090694532
4.683346700825936,0.9999995058109314,0.9999276134571924,0.9991317394343674,0.9962097419164794
5.261502778863538,0.9999998405387347,0.999970632598641,0.999595817199471,0.9980625658986165
5.911031845476362,0.99999995086008,0.9999886133244961,0.9998200615446275,0.9990522707769605
6.64074484928479,0.9999999855393826,0.9999957813173669,0.9999234085818709,0.9995564948819798
7.4605404447366075,0.9999999959367599,0.9999985067311034,0.9999688362104711,0.9998015070141231
8.381539268677866,0.9999999989099281,0.9999994950827692,0.9999878814879763,0.9999150596970728
9.416234793278331,0.9999999997208088,0.9999998369318183,0.9999954970056244,0.9999652538061349
10.578662801651687,0.9999999999317375,0.999999949703666,0.9999984014034656,0.9999864156418967
11.884591785129816,0.9999999999840681,0.9999999851858276,0.999999457873022,0.9999949250402055
13.351736844955687,0.9999999999964507,0.9999999958336816,0.9999998243964261,0.9999981885803441
15.0,0.9999999999992453,0.9999999988812702,0.9999999456766259,0.9999993823576302
