PGA [g],Slight_damage,Moderate_damage,Extensive_damage,Complete_damage
0.05000000000000001,8.771327892871706e-12,6.763057712415764e-15,1.4998520912186067e-16,1.1676496690640504e-17
0.056172467201025755,4.900846802463408e-11,4.825275104572465e-14,1.2050670185682682e-15,1.012347811774938e-16
0.06310692142900626,2.569189751879592e-10,3.2291473793808543e-13,9.08053897493591e-15,8.231084396466493e-16
0.07089742948257126,1.2638170101973378e-09,2.0270786728905496e-12,6.417638392348282e-14,6.2764999416194724e-15
0.07964967064493539,5.834231310759518e-09,1.193722514752833e-11,4.254317984170294e-13,4.4888623953401526e-14
0.08948237023750269,2.5278335123883903e-08,6.595118925492073e-11,2.645491085901285e-12,3.011208199896147e-13
0.10052891014472326,1.0281083800061991e-07,3.418759403298093e-10,1.5432556215962092e-11,1.8947898463770492e-12
0.11293913815718663,3.925748038288912e-07,1.6629745087840486e-09,8.446204526298465e-11,1.1184847383116797e-11
0.1268814006769336,1.407585919389563e-06,7.591422729306279e-09,4.337288154820498e-10,6.194184197329791e-11
0.14254482635890514,4.7400400001867045e-06,3.252642108544152e-08,2.090032718806017e-09,3.2185721896927245e-10
0.16014189166643014,1.4994801517165773e-05,1.308236740104407e-07,9.451836153054966e-09,1.5693210266952544e-09
0.17991130314285533,4.457192857870362e-05,4.940173883348182e-07,4.01202345159652e-08,7.180900707149938e-09
0.2021212354977168,0.00012452891321370582,1.751787623613118e-06,1.598664718207637e-07,3.084035759186915e-08
0.2270729694325259,0.00032712345657699184,5.8343370103433545e-06,5.980920602596278e-07,1.2433529327060547e-07
0.2551049785537617,0.0008082627907309394,1.825457104442731e-05,2.1012333398629388e-06,4.7062235527337785e-07
0.28659752081259104,0.0018792556553226206,5.3670392267876275e-05,6.933703419902992e-06,1.672749624812097e-06
0.3219777967548112,0.004113731408881642,0.00014832353058132322,2.1495229621742817e-05,5.5841451689377705e-06
0.36172574455336326,0.008483302132239927,0.0003854302118984998,6.26209926077306e-05,1.7512517426274327e-05
0.4063805504338082,0.016492270946223676,0.0009421344090923373,0.00017148676095610706,5.1608232232405904e-05
0.45654796280755766,0.03025136129224284,0.0021672524432806615,0.0004415962980064348,0.00014295402398076403
0.5129085093300529,0.05240671356791423,0.004694250179103781,0.0010697422235626515,0.0003723302108409907
0.5762267283493882,0.08584498984401306,0.00957971565097338,0.0024389016583262505,0.0009121887954924208
0.6473615399712076,0.13314767488033064,0.018432540148282054,0.005236086000439062,0.002103113760334897
0.7272778974247632,0.19586748533109105,0.03346856894010762,0.010592355579195722,0.004565534398599624
0.8170598767824696,0.2738147704070619,0.05740505235224471,0.02020579214459792,0.009337686048829888
0.9179253825967483,0.36461245573964784,0.09312114213469397,0.036378039340750616,0.018006127464090426
1.0312426689380967,0.4637472801446315,0.14307214587369588,0.06187791441473355,0.032764659680178
1.1585488999444697,0.5651980795918493,0.20855108273918777,0.09956409781069098,0.05631630232850075
1.3015710016583038,0.6625092052772112,0.2890029955413648,0.15176801226918574,0.09154329613843065
1.4622490880091454,0.749996959486109,0.38165369206921546,0.21954794157572194,0.14092962045820384
1.6427627787184707,0.8237210941146864,0.48166260421575896,0.30203323865175935,0.20582516787251537
1.8455607661325835,0.8819514670222024,0.5828453578557593,0.39612022513037287,0.285753443252744
2.0733940320616497,0.9250603428363816,0.6787969252799679,0.49671149485313276,0.3780240842106536
2.329353165215711,0.9549733974777344,0.7640824622096721,0.5975134147323891,0.4778640282234421
2.6169102854537,0.9744284053480766,0.8351344643306575,0.6921927285666158,0.579120524333124
2.9399661435534976,0.9862882285314011,0.890616793960185,0.7755453229013576,0.6753746270640162
3.3029030354176987,0.9930646543771436,0.9312246673937008,0.8443250956393438,0.7611363195670939
3.710644248503383,0.9966937490184942,0.9590822025217215,0.8975211908915182,0.8327580912452197
4.168720846874621,0.9985154220201501,0.9769945141615917,0.936084644618066,0.888820818429339
4.683346700825936,0.9993724922521012,0.9877898625399298,0.9622875180946959,0.9299528898818492
5.261502778863538,0.9997504432909121,0.9938880008251647,0.9789752904538143,0.9582383883736054
5.911031845476362,0.9999066598413022,0.9971167395344943,0.9889367693753424,0.9764699393902792
6.64074484928479,0.999967178609908,0.9987190362547783,0.9945102279344042,0.9874843050507802
7.4605404447366075,0.9999891533516704,0.9994643287119352,0.9974330385145399,0.9937212364037996
8.381539268677866,0.9999966320704614,0.9997892540040246,0.9988696881950805,0.9970314611813808
9.416234793278331,0.9999990176800493,0.9999220278501288,0.9995315612865099,0.9986781761812237
10.578662801651687,0.9999997309259028,0.9999728804242118,0.9998173673689112,0.9994459851183796
11.884591785129816,0.9999999307950599,0.9999911355085548,0.9999330425835418,0.9997815379611964
13.351736844955687,0.9999999832900466,0.9999972777134934,0.9999769239780049,0.9999189867566103
15.0,0.9999999962127757,0.9999992147300305,0.9999925263593165,0.9999717573980924
