SA(0.3s) [g],Complete_damage
0.05000000000000001,6.232347971035779e-12
0.056172467201025755,2.2107093933243505e-11
0.06310692142900626,7.581768546316425e-11
0.07089742948257126,2.514121133501135e-10
0.07964967064493539,8.061102896306238e-10
0.08948237023750269,2.499273454859008e-09
0.10052891014472326,7.493141218617438e-09
0.11293913815718663,2.1725324761412423e-08
0.1268814006769336,6.091777882133442e-08
0.14254482635890514,1.6520472312375745e-07
0.16014189166643014,4.333401046885399e-07
0.17991130314285533,1.0994948609344135e-06
0.2021212354977168,2.69865918756107e-06
0.2270729694325259,6.408097274812619e-06
0.2551049785537617,1.4722295051505796e-05
0.28659752081259104,3.272881884719414e-05
0.3219777967548112,7.041106825189658e-05
0.36172574455336326,0.00014660866546112317
0.4063805504338082,0.00029549106166826267
0.45654796280755766,0.0005765795985677169
0.5129085093300529,0.0010893709858674772
0.5762267283493882,0.0019933038953966475
0.6473615399712076,0.0035329809715995975
0.7272778974247632,0.006067065725791965
0.8170598767824696,0.01009711862717022
0.9179253825967483,0.01629008246237762
1.0312426689380967,0.0254857781126262
1.1585488999444697,0.03867954905266646
1.3015710016583038,0.056971147100588815
1.4622490880091454,0.08147490906349564
1.6427627787184707,0.11319338632644149
1.8455607661325835,0.15286596052626167
2.0733940320616497,0.20081356921214433
2.329353165215711,0.2568076437400748
2.6169102854537,0.3199929012970095
2.9399661435534976,0.3888879541057887
3.3029030354176987,0.46147496547280753
3.710644248503383,0.535372236797428
4.168720846874621,0.6080658909122303
4.683346700825936,0.6771635297200043
5.261502778863538,0.7406276866381909
5.911031845476362,0.7969515468546753
6.64074484928479,0.8452524087079266
7.4605404447366075,0.8852759854258807
8.381539268677866,0.9173221039511811
9.416234793278331,0.942115354017244
10.578662801651687,0.9606502408014933
11.884591785129816,0.9740391384804545
13.351736844955687,0.9833845422141737
15.0,0.9896875758104559
